,sna,tot,sbi,sarea,mday,ar,bemp,act
0,YouBike2.0_捷運科技大樓站,28,1,大安區,2023-05-27 14:22:14,復興南路二段235號前,24,1
1,YouBike2.0_復興南路二段273號前,21,1,大安區,2023-05-27 14:21:15,復興南路二段273號西側,20,1
2,YouBike2.0_國北教大實小東側門,16,1,大安區,2023-05-27 14:22:14,和平東路二段96巷7號,14,1
3,YouBike2.0_和平公園東側,11,0,大安區,2023-05-27 13:57:04,和平東路二段118巷33號,11,1
4,YouBike2.0_辛亥復興路口西北側,16,0,大安區,2023-05-27 14:11:03,復興南路二段368號,16,1
6,YouBike2.0_復興南路二段340巷口,11,0,大安區,2023-05-27 14:22:14,復興南路二段342號,10,1
8,YouBike2.0_新生南路三段66號前,16,0,大安區,2023-05-27 14:21:15,新生南路三段66號東側,16,1
9,YouBike2.0_新生南路三段82號前,20,0,大安區,2023-05-27 14:21:03,新生南路三段82號,19,1
10,YouBike2.0_辛亥路一段30號前,8,1,大安區,2023-05-27 14:21:03,辛亥路一段30號,7,1
11,YouBike2.0_和平復興路口西北側,9,3,大安區,2023-05-27 14:21:15,復興南路二段236號,5,1
13,YouBike2.0_大安運動中心停車場,14,4,大安區,2023-05-27 13:56:15,敦南街76巷28號,10,1
14,YouBike2.0_羅斯福路三段245號前,8,4,大安區,2023-05-27 14:17:33,羅斯福路三段245號,4,1
15,YouBike2.0_溫州公園,5,2,大安區,2023-05-27 14:08:14,羅斯福路三段283巷11號,3,1
17,YouBike2.0_溫州停車場,5,1,大安區,2023-05-27 14:09:14,新生南路三段54巷/溫州街口,4,1
18,YouBike2.0_銘傳國小側門,7,3,大安區,2023-05-27 14:21:15,羅斯福路四段21號旁天橋下,3,1
19,YouBike2.0_捷運公館站(2號出口),99,1,大安區,2023-05-27 14:22:14,捷運公館站(2號出口)外側,93,1
23,YouBike2.0_公館公園,15,0,大安區,2023-05-27 13:53:04,羅斯福路四段113巷基隆路四段41巷口,15,1
25,YouBike2.0_臺大醫學院附設癌醫中心,20,1,大安區,2023-05-27 14:14:14,基隆路三段155巷57號西側,19,1
26,YouBike2.0_臺大環研大樓,15,4,大安區,2023-05-27 14:06:16,芳蘭路/基隆路三段155巷口,11,1
28,YouBike2.0_臺大男七舍前,20,0,大安區,2023-05-27 14:15:04,長興街/長興街80巷口西側,20,1
32,YouBike2.0_臺大土木研究大樓前,24,3,大安區,2023-05-27 14:22:14,辛亥路三段188號,20,1
34,YouBike2.0_臺大國青大樓宿舍前,20,1,大安區,2023-05-27 14:22:14,辛亥路三段30號西北側,19,1
38,YouBike2.0_辛亥新生路口東南側,41,1,大安區,2023-05-27 14:22:14,辛亥新生路口東南側,39,1
40,YouBike2.0_國北教大側門南側,25,3,大安區,2023-05-27 14:17:33,敦南街51號,21,1
41,YouBike2.0_和平實小東北側,13,4,大安區,2023-05-27 13:25:15,敦南街73號,9,1
42,YouBike2.0_大安區健康服務中心,15,0,大安區,2023-05-27 13:07:04,辛亥路三段15號,15,1
43,YouBike2.0_辛亥泰順街口,20,4,大安區,2023-05-27 14:22:14,辛亥泰順街口東南側,14,1
46,YouBike2.0_臥龍公園,14,2,大安區,2023-05-27 14:22:14,辛亥路三段223號西側,12,1
49,YouBike2.0_捷運六張犁站,64,3,大安區,2023-05-27 14:22:14,和平東路三段410號,61,1
50,YouBike2.0_喬治工商,26,4,大安區,2023-05-27 14:22:14,基隆路二段166號,21,1
51,YouBike2.0_法治公園,15,0,大安區,2023-05-27 12:57:04,通化街189號西側,14,1
52,YouBike2.0_捷運臺電大樓站(2號出口),15,2,大安區,2023-05-27 14:22:14,辛亥路一段/羅斯福路三段口北側(辛亥路側),13,1
54,YouBike2.0_和平龍泉街口,34,0,大安區,2023-05-27 14:21:15,和平東路一段/龍泉街口西南側,33,1
55,YouBike2.0_和平泰順街口,9,3,大安區,2023-05-27 14:19:14,和平東路一段/泰順街口東南側,6,1
58,YouBike2.0_捷運古亭站(5號出口),14,1,大安區,2023-05-27 14:22:14,和平東路一段19號前,13,1
60,YouBike2.0_新生和平路口東北側,38,0,大安區,2023-05-27 14:10:09,新生南路二段與和平東路二段口東北側,37,1
63,YouBike2.0_捷運東門站(3號出口),15,3,大安區,2023-05-27 14:21:15,信義路二段128號前,12,1
64,YouBike2.0_金甌女中,12,4,大安區,2023-05-27 14:17:33,信義路二段與杭州南路二段東南側,7,1
67,YouBike2.0_敦化南路二段293巷口南側,14,3,大安區,2023-05-27 14:06:16,敦化南路二段293巷口南側,11,1
68,YouBike2.0_敦化基隆路口,29,0,大安區,2023-05-27 14:21:03,敦化南路二段218號,27,1
69,YouBike2.0_安和路二段181巷口,17,0,大安區,2023-05-27 14:03:04,安和路二段185號,17,1
70,YouBike2.0_臨江街夜市(通化街101巷口),30,2,大安區,2023-05-27 14:21:15,通化街111號,27,1
71,YouBike2.0_臨江街夜市(基隆路),17,2,大安區,2023-05-27 14:21:15,基隆路二段108號,14,1
72,YouBike2.0_台北科技大學億光大樓,46,0,大安區,2023-05-27 14:21:15,忠孝東路三段81號,45,1
75,YouBike2.0_民榮公園,15,0,大安區,2023-04-20 07:22:04,建國南路一段304巷45號南側,15,0
79,YouBike2.0_捷運大安站(4號出口),13,0,大安區,2023-05-27 14:21:15,信義路4段6號(前),11,1
81,YouBike2.0_信義大安路口(信維大樓),12,3,大安區,2023-05-27 14:18:13,信義路四段74號(前),8,1
83,YouBike2.0_仁愛安和路口,25,3,大安區,2023-05-27 14:22:14,仁愛路四段258號前,22,1
84,YouBike2.0_信義敦化路口,46,2,大安區,2023-05-27 14:21:15,信義路四段155號前,44,1
85,YouBike2.0_仁愛國中,25,0,大安區,2023-05-27 14:17:24,安和路一段75號(對面),23,1
86,YouBike2.0_捷運信義安和站(2號出口),26,2,大安區,2023-05-27 14:21:15,信義路四段188號前,23,1
87,YouBike2.0_八德市場,30,1,大安區,2023-05-27 14:14:14,市民大道三段170號,28,1
88,YouBike2.0_昌隆公園,16,1,大安區,2023-05-27 14:17:24,市民大道三段206號西側,14,1
90,YouBike2.0_信義延吉街口,15,2,大安區,2023-05-27 14:18:13,信義路四段353號,13,1
91,YouBike2.0_光信公園(光復南路456巷),15,0,大安區,2023-05-27 14:21:03,延吉街249號,14,1
94,YouBike2.0_捷運忠孝新生站(6號出口),15,1,大安區,2023-05-27 14:17:24,新生南路一段101號,14,1
96,YouBike2.0_大安高工,23,1,大安區,2023-05-27 14:14:04,復興南路二段52號(前),20,1
97,YouBike2.0_捷運忠孝新生站(3號出口),23,1,大安區,2023-05-27 14:04:19,忠孝東路三段與10巷口,22,1
99,YouBike2.0_敦化市民路口,23,4,大安區,2023-05-27 14:21:15,敦化南路1段158號(前),16,1
100,YouBike2.0_捷運大安森林公園站(5號出口),15,1,大安區,2023-05-27 14:21:15,捷運大安森林公園站(5號出口)東側,14,1
102,YouBike2.0_東豐公園,19,0,大安區,2023-05-27 13:58:04,東豐街24號(旁公園路側),18,1
103,YouBike2.0_德安公園(四維路66巷),14,3,大安區,2023-05-27 14:22:14,四維路66巷6號北側,11,1
107,YouBike2.0_瑞安街208巷,15,4,大安區,2023-05-27 14:05:16,瑞安街208巷39號對面,11,1
108,YouBike2.0_樂利路21巷口,17,1,大安區,2023-05-27 14:14:14,樂利路25號,16,1
109,YouBike2.0_捷運科技大樓站(台北教育大學),46,1,大安區,2023-05-27 14:21:15,和平東路二段134號前,45,1
111,YouBike2.0_仁愛醫院,30,1,大安區,2023-05-27 14:21:15,仁愛路四段/大安路一段口(西南側),29,1
115,YouBike2.0_捷運信義安和站(1號出口),33,2,大安區,2023-05-27 14:22:14,信義路四段225號前,30,1
116,YouBike2.0_敦化南路二段103巷口,24,0,大安區,2023-05-27 14:21:15,敦化南路二段99號前,24,1
119,YouBike2.0_芳蘭山莊,16,2,大安區,2023-05-27 13:42:14,基隆路三段155巷148號,14,1
121,YouBike2.0_捷運東門站(5號出口),28,4,大安區,2023-05-27 14:22:14,信義路二段178號前,23,1
124,YouBike2.0_臺北科技大學(電機工程系),16,2,大安區,2023-05-27 14:16:16,忠孝東路三段100號對側,14,1
126,YouBike2.0_新生南路三段94巷口,15,1,大安區,2023-05-27 14:21:15,新生南路三段94號前,13,1
127,YouBike2.0_辛亥新生路口西北側,12,3,大安區,2023-05-27 14:17:33,辛亥路一段/新生南路三段(西北側),8,1
128,YouBike2.0_捷運大安站(6號出口),19,0,大安區,2023-05-27 14:19:04,復興南路一段303號前,19,1
129,YouBike2.0_臥龍街195巷口,14,1,大安區,2023-05-27 14:15:04,臥龍街/臥龍街195巷(南側),12,1
130,YouBike2.0_辛亥路三段157巷口,19,0,大安區,2023-05-27 13:46:04,辛亥路三段與辛亥路三段157巷口西北側,19,1
131,YouBike2.0_臥龍基隆路口,16,1,大安區,2023-05-27 14:19:04,臥龍街與基隆路二段口東北側,15,1
132,YouBike2.0_敦親公園,20,1,大安區,2023-05-27 14:21:15,和平東路二段96巷8之1號(前方),19,1
135,YouBike2.0_基隆長興路口,43,3,大安區,2023-05-27 14:16:16,基隆路/長興街(東南側),40,1
136,YouBike2.0_仁愛路四段122巷口,16,3,大安區,2023-05-27 14:11:14,仁愛路四段118號前,13,1
138,YouBike2.0_忠孝東路四段49巷口,15,4,大安區,2023-05-27 14:21:15,忠孝東路四段55號前,10,1
140,YouBike2.0_和平新生路口西南側,13,0,大安區,2023-05-27 14:16:04,新生南路三段2號前,13,1
142,YouBike2.0_信義路三段134巷口,19,1,大安區,2023-05-27 14:17:33,信義路三段/信義路三段134巷口,18,1
143,YouBike2.0_仁愛敦南圓環(東南側),16,1,大安區,2023-05-27 14:17:33,仁愛路四段110號前,11,1
144,YouBike2.0_臺北遠企購物中心,33,1,大安區,2023-05-27 14:21:15,敦化南路二段201號前,31,1
145,YouBike2.0_外交部外交及國際事務學院,17,4,大安區,2023-05-27 14:21:15,敦化南路一段280號,13,1
146,YouBike2.0_四維路170巷口,22,1,大安區,2023-05-27 14:14:14,敦化南路二段92號對側中央分隔島,21,1
148,YouBike2.0_捷運臺電大樓站(2號出口)_1,31,1,大安區,2023-05-27 14:22:14,羅斯福路三段201號旁,29,1
151,YouBike2.0_敦化南路二段81巷,40,4,大安區,2023-05-27 14:13:14,敦化南路二段與敦化南路二段81巷口西北側,35,1
152,YouBike2.0_原臺北刑務所官舍,23,1,大安區,2023-05-27 14:14:14,金華街78號對側,22,1
158,YouBike2.0_捷運大安站(5號出口),19,0,大安區,2023-05-27 14:12:04,復興南路二段/信義路四段(東南側),16,1
159,YouBike2.0_臨江公園,13,1,大安區,2023-05-27 14:21:03,通化街143巷33號對側,11,1
164,YouBike2.0_羅斯福浦城街口,15,4,大安區,2023-05-27 14:17:34,羅斯福路三段117號前,11,1
168,YouBike2.0_民族延平路口,23,2,大同區,2023-05-27 14:21:15,延平北路三段123號北側,21,1
169,YouBike2.0_重慶酒泉街口,30,0,大同區,2023-05-27 14:14:04,重慶北路三段260號前,30,1
175,YouBike2.0_重慶國中,37,4,大同區,2023-05-27 13:40:21,敦煌路19號前,33,1
177,YouBike2.0_台北數位產業園區,24,4,大同區,2023-05-27 14:22:14,承德路三段287號前方,20,1
181,YouBike2.0_大龍老人住宅,14,3,大同區,2023-05-27 13:55:23,民族西路82號前方,11,1
184,YouBike2.0_捷運大橋頭站(1A出口),18,0,大同區,2023-05-27 14:19:04,民權西路237號旁,16,1
185,YouBike2.0_捷運民權西路站(2號出口),25,3,大同區,2023-05-27 14:17:34,捷運民權西路站(2號出口)西側,22,1
188,YouBike2.0_朝陽公園,10,0,大同區,2023-05-27 13:59:04,重慶北路二段62-1號旁,10,1
190,YouBike2.0_大龍公園,18,1,大同區,2023-05-27 14:19:14,大龍街217號對側,17,1
192,YouBike2.0_圓山線形公園,14,4,大同區,2023-05-27 14:13:14,玉門街/民族西路(西北側),10,1
194,YouBike2.0_重慶民族路口,20,1,大同區,2023-05-27 14:21:15,重慶北路三段162號前,18,1
198,YouBike2.0_聯合醫院中興院區,27,2,大同區,2023-05-27 14:17:24,長安西路299號(對面),25,1
200,YouBike2.0_迪化休閒運動公園,15,1,大同區,2023-05-27 14:18:13,延平北路四段200號(南側),14,1
201,YouBike2.0_大同運動中心,16,2,大同區,2023-05-27 14:07:14,大龍街51號(旁),14,1
202,YouBike2.0_重慶保安街口(家樂福重慶店),20,2,大同區,2023-05-27 14:19:14,重慶北路二段171號(旁),18,1
209,YouBike2.0_太原五原路口,24,2,大同區,2023-05-27 14:19:14,太原路 / 五原路口(東南側),22,1
213,YouBike2.0_重慶長安路口,15,2,大同區,2023-05-27 14:21:15,長安西路244號(重慶路側),13,1
220,YouBike2.0_雙蓮國小,20,4,大同區,2023-05-27 14:09:14,民權西路102巷4弄25號對側人行道,16,1
221,YouBike2.0_寧夏涼州街口,15,3,大同區,2023-05-27 14:07:14,寧夏路141號對側,12,1
223,YouBike2.0_劍潭抽水站,17,3,士林區,2023-05-27 13:59:15,通河東街325巷/通河東街口,10,1
224,YouBike2.0_通河東街大南路口,15,4,士林區,2023-05-27 14:17:34,通河東街1段192號(旁),10,1
225,YouBike2.0_福港街停車場,22,3,士林區,2023-05-27 14:19:14,華齡街175號(旁),19,1
226,YouBike2.0_百齡國小,50,0,士林區,2023-05-27 14:21:15,前港街104號(對面),50,1
227,YouBike2.0_雨聲街165巷口,15,1,士林區,2023-05-27 13:38:03,雨聲街/雨聲街165巷(西北側),14,1
228,YouBike2.0_天和公園,13,2,士林區,2023-05-27 14:17:34,天母東路69巷30號(前方路側),8,1
231,YouBike2.0_臺北市立大學(天母校區),23,4,士林區,2023-05-27 14:22:14,士東路276號至280號對面人行道,19,1
236,YouBike2.0_明勝公園,14,1,士林區,2023-05-27 13:21:17,承德路4段6巷71號(對面),11,1
237,YouBike2.0_劍潭海外青年活動中心,23,1,士林區,2023-05-27 14:01:16,中山北路4段/通河街口,22,1
240,YouBike2.0_忠誠公園,14,1,士林區,2023-05-27 14:15:15,忠誠路一段18號(對面),11,1
241,YouBike2.0_芝山抽水站,21,4,士林區,2023-05-27 13:41:16,至誠路二段47-49號(前),17,1
244,YouBike2.0_前港公園(福德宮),18,2,士林區,2023-05-27 13:49:15,後港街134巷/後港街口,16,1
245,YouBike2.0_華齡街185巷口,12,3,士林區,2023-05-27 14:14:14,華齡街188號(前),8,1
246,YouBike2.0_前港公園(前港街),19,1,士林區,2023-05-27 14:21:15,前港街48號(對面),18,1
249,YouBike2.0_臺灣戲曲中心,14,3,士林區,2023-05-27 14:13:14,文林路751號(南側),10,1
252,YouBike2.0_志成公園,23,4,士林區,2023-05-27 14:22:14,中正路/雨農路口(西北側),19,1
253,YouBike2.0_福林國小,14,2,士林區,2023-05-27 14:08:15,福志路50號(對面),11,1
255,YouBike2.0_士林運動中心,30,3,士林區,2023-05-27 14:16:16,士商路1號(前),27,1
259,YouBike2.0_華聲公園,27,0,士林區,2023-02-03 10:09:04,華聲街17號(南側路側),27,0
262,YouBike2.0_銘傳大學,30,0,士林區,2023-05-17 23:56:05,中山北路五段250號(銘傳大學對側),29,0
265,YouBike2.0_聯合醫院陽明院區,15,1,士林區,2023-05-27 14:14:04,雨聲街105號(南側),13,1
270,YouBike2.0_梅林新村,15,2,士林區,2023-05-27 11:54:04,至善路一段/至善路一段138巷(北側),13,1
272,YouBike2.0_重慶北路四段190巷口,13,2,士林區,2023-05-27 13:12:14,重慶北路四段198號(前),11,1
273,YouBike2.0_重慶北葫東街口,15,2,士林區,2023-05-27 13:41:16,重慶北路四段177號(前),13,1
276,YouBike2.0_社正公園,15,1,士林區,2023-05-27 14:19:14,社中街39號(對面),14,1
280,YouBike2.0_社子公園,14,0,士林區,2023-05-27 14:09:04,永平街20巷37弄/永平街20巷11弄(社子公園南側),14,1
281,YouBike2.0_國立故宮博物院,17,0,士林區,2023-05-27 14:21:15,力行街8號(對面),16,1
282,YouBike2.0_泰北高中,16,4,士林區,2023-05-27 14:08:15,福林路240號(前),12,1
283,YouBike2.0_後港公園,15,1,士林區,2023-05-27 14:13:14,通河東街二段26號(旁公園),14,1
286,YouBike2.0_延平北路八段133巷口,15,3,士林區,2023-05-27 06:03:14,延平北路八段133巷42號(對面),12,1
289,YouBike2.0_福安國中,11,3,士林區,2023-05-27 12:35:15,延平北路七段250號(前),8,1
291,YouBike2.0_聖山綠地,15,0,士林區,2023-05-27 13:59:04,忠義街94號(旁),15,1
293,YouBike2.0_士林新天地,29,1,士林區,2023-05-27 14:21:15,大南路325號前方,28,1
294,YouBike2.0_蘭雅國小,27,2,士林區,2023-05-27 14:22:14,礦溪街與中山北路六段195巷口,24,1
296,YouBike2.0_福林公園(中正路),27,4,士林區,2023-05-27 14:17:34,中正路/志成街口(南側),22,1
302,YouBike2.0_通河街76巷/承德路四段10巷口,14,2,士林區,2023-05-27 14:22:14,承德路四段10巷37號(旁),11,1
303,YouBike2.0_芝山聖佑宮,15,3,士林區,2023-05-27 13:39:14,雨聲街90號旁,10,1
304,YouBike2.0_至誠雨聲街口,9,2,士林區,2023-05-27 14:19:14,至誠路二段與雨聲街口東北側,6,1
305,YouBike2.0_捷運線型公園(後街),13,2,士林區,2023-05-27 14:14:14,後街15號旁,11,1
306,YouBike2.0_天母公園,12,0,士林區,2023-05-27 14:07:04,中山北路七段141巷30號對側,12,1
307,YouBike2.0_基河文林路口,16,0,士林區,2023-05-27 14:21:03,基河路3-1號對側人行道,16,1
308,YouBike2.0_文林福華路口,19,2,士林區,2023-05-27 14:10:20,文林路 / 福華路口(東側),16,1
309,YouBike2.0_劍潭海外青年活動中心_1,24,3,士林區,2023-05-27 14:02:14,通河街 / 通河街2巷(南側),21,1
314,YouBike2.0_葫蘆國小(延平北路五段285巷),15,2,士林區,2023-05-27 14:17:34,環河北路三段/延平北路五段285巷,13,1
315,YouBike2.0_社子市場,15,2,士林區,2023-05-27 14:01:16,延平北路六段67號旁,13,1
318,YouBike2.0_文林路101巷口,7,3,士林區,2023-05-27 14:21:15,文林路100號前,4,1
322,YouBike2.0_中山福國路口,14,4,士林區,2023-05-27 12:45:15,中山北路五段837號前,8,1
325,YouBike2.0_中山北路五段698巷口,15,4,士林區,2023-05-27 14:16:16,中山北路五段692號前,11,1
329,YouBike2.0_海光公園南側,12,4,士林區,2023-05-27 14:09:14,葫蘆街79號對側公園,8,1
330,YouBike2.0_士商路40巷口,15,0,士林區,2023-05-27 14:12:04,士商路40巷2號旁,15,1
333,YouBike2.0_美崙公園,13,2,士林區,2023-05-27 14:10:09,美崙街118號斜對面人行道,11,1
334,YouBike2.0_臺北市立大學(忠誠路二段207巷),17,3,士林區,2023-05-27 14:17:34,忠誠路二段207巷/士東路299巷口,14,1
336,YouBike2.0_美崙公園(東北側),15,1,士林區,2023-05-27 13:28:04,文林路587巷115號對側,14,1
337,YouBike2.0_台北花木批發市場,32,2,文山區,2023-05-27 14:18:13,萬盛街/興隆路一段(西北側),29,1
338,YouBike2.0_捷運萬隆站(4號出口),21,0,文山區,2023-05-27 14:22:14,羅斯福路5段210號(前),21,1
339,YouBike2.0_捷運萬隆站(1號出口),34,3,文山區,2023-05-27 14:21:15,羅斯福路五段250號(前),31,1
340,YouBike2.0_萬和二號公園,26,4,文山區,2023-05-27 14:03:15,萬隆街255號(對面),22,1
347,YouBike2.0_興福國中,25,1,文山區,2023-05-27 13:57:04,福興路95巷/福興路63巷4弄口,23,1
349,YouBike2.0_景美運動公園,11,2,文山區,2023-05-27 13:58:15,景豐街79號(旁公園),8,1
350,YouBike2.0_景美醫院,18,0,文山區,2023-05-27 14:08:04,羅斯福路六段280號(前),18,1
355,YouBike2.0_捷運動物園站,18,0,文山區,2023-05-27 14:08:04,新光路二段30號(對面),17,1
356,YouBike2.0_捷運木柵站,31,4,文山區,2023-05-27 14:11:14,木柵路四段82巷18號前(捷運橋樑下),27,1
357,YouBike2.0_捷運萬芳社區站,31,0,文山區,2023-05-27 12:14:04,萬芳路60號(西側廣場),31,1
360,YouBike2.0_興豐公園,21,4,文山區,2023-05-27 14:15:15,興隆路二段123巷/興隆路二段(西北側),16,1
363,YouBike2.0_和興路26巷口,15,4,文山區,2023-05-27 14:19:14,和興路44巷 / 和興路26巷口,10,1
366,YouBike2.0_臺北市立景美女中,25,0,文山區,2023-05-27 14:22:14,木新路三段/一壽街(西北側),24,1
370,YouBike2.0_老泉街籃球場,14,2,文山區,2023-05-27 13:24:14,老泉街26巷老泉街口(籃球場前),12,1
372,YouBike2.0_木柵公園,25,0,文山區,2023-05-27 13:52:04,興隆路四段50號(前),25,1
377,YouBike2.0_指南路3段2巷,13,0,文山區,2023-05-27 12:12:04,指南路三段4號(旁),13,1
378,YouBike2.0_萊茵公園,14,2,文山區,2023-05-27 12:34:13,忠順街二段87巷25弄29號,12,1
380,YouBike2.0_秀明路一段185巷口,20,2,文山區,2023-05-27 13:43:14,秀明路一段與秀明路一段185巷口,18,1
381,YouBike2.0_秀明路一段129巷口,22,1,文山區,2023-05-27 13:42:04,秀明路一段129巷與秀明路一段路口,21,1
382,YouBike2.0_恆光橋(老泉街),13,1,文山區,2023-05-27 14:03:15,老泉街/恆光街口,12,1
383,YouBike2.0_萬有3號公園,14,3,文山區,2023-05-27 14:21:15,景隆街105號(對面),11,1
385,YouBike2.0_興得閱覽室,24,1,文山區,2023-05-27 13:51:15,興隆路三段304巷145號,20,1
387,YouBike2.0_博嘉運動公園,12,1,文山區,2023-05-27 12:50:08,木柵路四段159巷16號,11,1
390,YouBike2.0_政大一街口,14,0,文山區,2023-05-27 12:44:04,政大一街19號對側,13,1
391,YouBike2.0_文山第二行政中心,30,2,文山區,2023-05-27 14:17:34,興隆路二段160-1號前,28,1
393,YouBike2.0_海巡署(南側),10,2,文山區,2023-05-27 13:52:15,興隆路三段211號對側(公車亭後),8,1
394,YouBike2.0_明道國小東南側,18,2,文山區,2023-05-27 13:06:16,興隆路四段109巷116號對側,16,1
397,YouBike2.0_師範大學公館校區_1,25,1,文山區,2023-05-27 13:58:15,師大公館校區校門口(汀州路側),24,1
398,YouBike2.0_捷運動物園站(2號出口),39,0,文山區,2023-05-27 14:21:04,新光路二段28號前,38,1
399,YouBike2.0_政大水岸電梯,10,2,文山區,2023-05-27 13:35:14,政治大學水岸電梯旁,8,1
400,YouBike2.0_敦南山林,14,1,文山區,2023-05-27 13:56:15,木柵路四段159巷16弄(社區出入口對側),13,1
401,YouBike2.0_辛亥路五段73巷口,13,1,文山區,2023-05-27 14:03:04,辛亥路五段75-1號前人行道,12,1
402,YouBike2.0_景美污水抽水站,15,2,文山區,2023-05-27 14:10:20,汀州路四段10號北側人行道,13,1
403,YouBike2.0_萬和三號公園(北側),13,3,文山區,2023-05-27 14:21:15,溪洲街107巷(公園北側),8,1
404,YouBike2.0_景興國中,10,2,文山區,2023-05-27 14:11:14,三福街4巷與景興路46巷口,8,1
405,YouBike2.0_景仁公園_1,15,3,文山區,2023-05-27 14:03:15,景仁街 / 羅斯福路六段142巷口(北側),11,1
406,YouBike2.0_師大公館校區學二舍,40,2,文山區,2023-05-27 14:19:14,臺灣師範大學學二舍西側人行道,36,1
408,YouBike2.0_萬興國小,16,2,文山區,2023-05-27 13:52:15,秀明路二段114號公車亭旁,14,1
409,YouBike2.0_辛亥路四段77巷口,14,0,文山區,2023-05-27 14:19:04,辛亥路四段77巷口,14,1
410,YouBike2.0_景興路42巷口,12,3,文山區,2023-05-27 14:15:15,景興路42巷與景興路口西南側,9,1
412,YouBike2.0_木柵路二段109巷,15,1,文山區,2023-05-27 12:30:33,木柵路二段109巷14號旁,14,1
414,YouBike2.0_萬美萬安街口,16,0,文山區,2023-05-27 13:11:04,萬美街一段/萬安街口,16,1
415,YouBike2.0_興隆路二段203巷(敦南),27,4,文山區,2023-05-27 13:32:14,興隆路二段203巷16號,22,1
416,YouBike2.0_新光秀明路口,15,0,文山區,2023-05-27 13:32:04,新光路一段145號前,14,1
418,YouBike2.0_汀州思源街口東南側,20,2,中正區,2023-05-27 14:22:14,汀州路三段思源街口東南側,17,1
419,YouBike2.0_捷運公館站(1號出口),12,4,中正區,2023-05-27 14:22:14,羅斯福路四段68號,8,1
420,YouBike2.0_捷運公館站(4號出口),12,3,中正區,2023-05-27 14:21:15,羅斯福路四段48號,9,1
423,YouBike2.0_捷運臺電大樓站(1號出口),34,2,中正區,2023-05-27 14:05:16,辛亥路一段/羅斯福路三段南側,29,1
424,YouBike2.0_客家文化主題公園,15,2,中正區,2023-05-27 13:44:17,師大路/金門街11巷口對側人行道,13,1
425,YouBike2.0_河堤國小,27,2,中正區,2023-05-27 14:18:13,汀洲路二段182巷內186號旁,24,1
427,YouBike2.0_捷運臺電大樓站(5號出口),14,4,中正區,2023-05-27 14:21:15,羅斯福路三段126號前,10,1
429,YouBike2.0_羅斯福三段金門街口,15,2,中正區,2023-05-27 14:21:15,羅斯福路三段2號前,12,1
430,YouBike2.0_牯嶺公園,46,1,中正區,2023-05-27 14:19:14,廈門街113巷/牯嶺街口(西側),45,1
431,YouBike2.0_捷運古亭站(8號出口),15,4,中正區,2023-05-27 14:21:15,和平西路一段13-1號前方,10,1
432,YouBike2.0_捷運古亭站(7號出口),12,1,中正區,2023-05-27 14:15:15,羅斯福路二段44號前方,10,1
434,YouBike2.0_和平重慶路口,46,1,中正區,2023-05-27 14:12:14,和平西路一段/福州街口東側,42,1
435,YouBike2.0_孫立人將軍官邸,23,4,中正區,2023-05-27 14:16:16,南昌路一段136號前,18,1
436,YouBike2.0_羅斯福路二段6巷口,14,2,中正區,2023-05-27 14:13:15,羅斯福路二段/羅斯福路二段6巷口,12,1
437,YouBike2.0_金華杭州南路口,21,1,中正區,2023-05-27 14:16:04,金華街口/杭州南路二段西北側,20,1
441,YouBike2.0_螢橋國小,32,2,中正區,2023-05-27 14:22:14,泉州街32號對面人行道,30,1
443,YouBike2.0_永昌公園,15,4,中正區,2023-05-27 13:41:16,詔安街224號前,5,1
444,YouBike2.0_中華路二段409巷口,15,1,中正區,2023-05-27 14:08:15,中華路二段403號前,14,1
449,YouBike2.0_南門國中,29,0,中正區,2023-05-27 14:19:04,廣州街8巷/廣州街口東南側,27,1
455,YouBike2.0_濟南紹興路口,39,2,中正區,2023-05-27 14:09:14,濟南紹興路口東南側,37,1
468,YouBike2.0_聯合醫院和平院區,32,0,中正區,2023-05-27 14:21:15,中華路二段33號旁,32,1
471,YouBike2.0_中華路一段21巷口,22,1,中正區,2023-05-27 14:22:14,中華路一段11號(斜前方),21,1
478,YouBike2.0_莒光大埔街口,32,3,中正區,2023-05-27 14:22:14,莒光路/大埔街口(東北側),28,1
479,YouBike2.0_捷運忠孝新生站(2號出口),32,4,中正區,2023-05-27 14:03:15,忠孝東路二段132號(東側),27,1
482,YouBike2.0_捷運中正紀念堂站(5號出口),29,2,中正區,2023-05-27 14:17:34,捷運中正紀念堂站(5號出口)西側,26,1
483,YouBike2.0_北平東杭州北路口,20,2,中正區,2023-05-27 14:10:09,北平東路/杭州北路口(東北側),18,1
484,YouBike2.0_王貫英先生紀念圖書館,15,2,中正區,2023-05-27 14:21:15,汀州路二段265號,13,1
485,YouBike2.0_金山信義路口,25,1,中正區,2023-05-27 14:22:14,金山南路一段148號前側,23,1
487,YouBike2.0_徐州杭州路口,19,4,中正區,2023-05-27 14:01:04,徐州路/杭州南路一段口(西北側),15,1
489,YouBike2.0_捷運臺北車站(M2出口),20,3,中正區,2023-05-27 14:21:15,市民大道一段168號旁,17,1
490,YouBike2.0_臺北市國父史蹟館(逸仙公園),31,3,中正區,2023-05-27 14:15:15,中山北路一段46號北側,28,1
492,YouBike2.0_弘道國中,18,0,中正區,2023-05-27 13:39:04,公園路21號西北側,17,1
494,YouBike2.0_台北市替代役中心,15,2,中正區,2023-05-27 14:12:15,汀州路三段8號前,13,1
495,YouBike2.0_紹興徐州路口,18,3,中正區,2023-05-27 14:17:34,紹興南街/徐州路(東南側),15,1
500,YouBike2.0_仁愛金山路口,9,2,中正區,2023-05-27 14:19:14,仁愛路二段31號前,7,1
501,YouBike2.0_杭州南路一段101巷口,14,0,中正區,2023-05-27 14:03:04,金山南路一段72號前,14,1
506,YouBike2.0_林森北平路口,20,1,中正區,2023-05-27 13:25:15,林森北路與北平東路口西北側,18,1
508,YouBike2.0_天津北平路口,15,3,中正區,2023-05-27 13:59:15,天津街1號對側人行道,12,1
509,YouBike2.0_捷運忠孝新生站(1號出口),19,3,中正區,2023-05-27 14:21:15,捷運忠孝新生站(1號出口)後方,16,1
510,YouBike2.0_捷運忠孝新生站(5號出口),13,1,中正區,2023-05-27 14:19:14,新生南路一段56號前方,12,1
511,YouBike2.0_捷運臺大醫院站(1號出口),19,4,中正區,2023-05-27 14:17:34,公園路/常德街口(西側),14,1
513,YouBike2.0_林森濟南路口(東北側),15,2,中正區,2023-05-27 14:21:15,林森南路/濟南路一段口(東北側),12,1
514,YouBike2.0_仁愛紹興街口(南側),17,3,中正區,2023-05-27 14:05:16,仁愛路一段/紹興南街口(南側),14,1
521,YouBike2.0_仁愛金山路口(東南側),14,0,中正區,2023-05-27 13:54:04,仁愛路二段48-4號前,14,1
522,YouBike2.0_臺灣文學基地,15,3,中正區,2023-05-27 13:52:15,齊東街53巷10號,12,1
523,YouBike2.0_重慶南詔安街口,15,0,中正區,2023-05-27 14:03:04,重慶南路三段/詔安街,15,1
525,YouBike2.0_捷運中正紀念堂站(2號出口),12,1,中正區,2023-05-27 14:19:04,羅斯福路一段10號前,11,1
526,YouBike2.0_螢圃里小公園,19,0,中正區,2023-05-27 14:01:04,汀州路二段135號對側,18,1
527,YouBike2.0_螢橋公園,15,0,中正區,2023-05-27 14:19:04,和平西路一段110號旁,13,1
530,YouBike2.0_樂群二堤頂大道口,20,0,中山區,2023-05-27 14:10:09,堤頂大道二段382號(旁),19,1
531,YouBike2.0_劍潭社區,13,0,中山區,2023-05-27 09:55:11,通北街146巷2弄2號(對面公園),13,1
532,YouBike2.0_培英公園,30,3,中山區,2023-05-27 14:03:15,崇實路/大直街62巷(東南側),27,1
533,YouBike2.0_樂群二明水路口,20,1,中山區,2023-05-27 14:16:16,樂群二路/明水路口(東北側),19,1
536,YouBike2.0_樂群二敬業三路口,20,0,中山區,2023-05-27 13:40:10,敬業三路155號(前),20,1
537,YouBike2.0_樂群二敬業四路口,36,2,中山區,2023-05-27 14:18:13,樂群二路186號,34,1
542,YouBike2.0_新生長安路口,20,2,中山區,2023-05-27 14:19:14,新生北路一段/長安東路二段交叉口(北側),18,1
543,YouBike2.0_市民林森路口,29,3,中山區,2023-05-27 14:12:15,市民大道二段/林森北路(東北側),24,1
545,YouBike2.0_一江公園,22,3,中山區,2023-05-27 14:19:14,一江街/松江路132巷口(西北側),19,1
547,YouBike2.0_新生長春路口,20,1,中山區,2023-05-27 14:19:14,新生北路二段/新生北路二段68巷交叉口(新生橋下),18,1
548,YouBike2.0_第二果菜批發市場,28,4,中山區,2023-05-27 14:21:15,民族東路410巷2弄18號(東側),22,1
549,YouBike2.0_民生建國路口,26,1,中山區,2023-05-27 14:19:14,民生東路三段 / 建國北路二段口,25,1
552,YouBike2.0_龍江錦州街口,16,0,中山區,2023-05-27 14:11:04,龍江路287號前方,15,1
556,YouBike2.0_朱崙商場,31,1,中山區,2023-05-27 14:21:15,龍江路15號前,29,1
557,YouBike2.0_中吉公園,15,2,中山區,2023-05-27 14:07:14,松江路170巷20號對側,13,1
558,YouBike2.0_華山公園,19,2,中山區,2023-05-27 14:21:15,市民大道與長安東路一段52巷口,16,1
559,YouBike2.0_建國北路一段17巷,45,4,中山區,2023-05-27 14:10:20,建國北路一段17巷/八德路二段137巷口,41,1
560,YouBike2.0_江寧公園,15,1,中山區,2023-05-27 14:18:13,合江街186號對側,13,1
564,YouBike2.0_林森農安街口,17,0,中山區,2023-05-27 13:59:05,林森北路582號(前),17,1
565,YouBike2.0_捷運中山國小站(4號出口),20,2,中山區,2023-05-27 14:21:15,民權東路一段/民權東路一段71巷口,18,1
566,YouBike2.0_農安雙城街口,15,1,中山區,2023-05-27 14:13:15,農安街12-1號前方,14,1
567,YouBike2.0_新生德惠街口,15,0,中山區,2023-05-27 14:21:04,新生北路三段76號對側,15,1
568,YouBike2.0_民族林森路口,20,2,中山區,2023-05-27 14:10:20,民族東路17號前,16,1
571,YouBike2.0_新生高架停車場(林森北路107巷口),14,4,中山區,2023-05-27 14:01:43,新生北路一段與林森北路107巷口(新生高架橋下),9,1
573,YouBike2.0_仁德公園,18,0,中山區,2023-04-17 00:35:05,吉林路108巷與南京東路二段21巷口東南側,18,0
574,YouBike2.0_中原公園,15,3,中山區,2023-05-27 14:19:14,新生北路二段45巷(中原公園西側),12,1
575,YouBike2.0_下埤公園,24,3,中山區,2023-05-27 14:10:20,民族東路512巷13弄4號,21,1
577,YouBike2.0_榮星花園,38,1,中山區,2023-05-27 14:15:04,五常街77號對側,34,1
580,YouBike2.0_新喜公園,13,1,中山區,2023-05-27 14:21:15,德惠街170巷22號對側,11,1
581,YouBike2.0_吉林路407巷口,15,1,中山區,2023-05-27 14:21:04,吉林路401號前,13,1
583,YouBike2.0_林安泰古厝,22,1,中山區,2023-05-27 14:14:14,濱江街5號對側,21,1
585,YouBike2.0_渭水八德路口,23,1,中山區,2023-05-27 13:11:15,渭水路54號對側,20,1
587,YouBike2.0_撫順公園,20,1,中山區,2023-05-27 14:15:15,中山北路三段2號對側,18,1
588,YouBike2.0_新生公園,16,0,中山區,2023-05-27 13:47:04,民族東路/吉林路口(西北側),16,1
589,YouBike2.0_捷運行天宮站(1號出口),46,0,中山區,2023-05-27 14:22:14,松江路230號前,45,1
591,YouBike2.0_建國農安街口,35,3,中山區,2023-05-27 14:21:15,建國北路/農安街口(建國橋下),30,1
592,YouBike2.0_松江路77巷口,10,1,中山區,2023-05-27 14:22:15,松江路77巷口,9,1
594,YouBike2.0_市民新生路口,15,2,中山區,2023-05-27 14:22:15,新生北路一段36號前,13,1
595,YouBike2.0_民權吉林路口,15,1,中山區,2023-05-27 14:01:43,民權東路二段51號前,13,1
596,YouBike2.0_中山農安街口,17,2,中山區,2023-05-27 14:22:15,中山北路三段25號前,14,1
597,YouBike2.0_捷運行政大樓,14,3,中山區,2023-05-27 14:04:19,中山北路二段48巷7號前,11,1
598,YouBike2.0_中吉公園(松江路188巷),22,1,中山區,2023-05-27 14:17:34,松江路188巷11號對側,21,1
599,YouBike2.0_吉林路123巷口,13,3,中山區,2023-05-27 13:22:15,吉林路125號前,10,1
601,YouBike2.0_國立臺北大學(臺北校區),38,4,中山區,2023-05-27 14:11:14,民生東路三段67號前,33,1
602,YouBike2.0_錦州吉林路口,20,2,中山區,2023-05-27 14:22:15,錦州街174號前,18,1
604,YouBike2.0_永盛公園(民生東路一段23巷),24,2,中山區,2023-05-27 14:21:15,民生東路一段23巷/民生東路一段27巷口,22,1
605,YouBike2.0_新生錦州街口,20,1,中山區,2023-05-27 14:03:15,新生北路二段100號前,19,1
606,YouBike2.0_濱江街199巷口,15,3,中山區,2023-05-27 13:48:15,濱江街199巷(八號疏散門前),12,1
607,YouBike2.0_大佳社區公園,15,1,中山區,2023-05-27 14:06:04,濱江街154巷對側,14,1
609,YouBike2.0_興安合江路口,19,1,中山區,2023-05-27 13:55:23,興安街60號對側,18,1
610,YouBike2.0_復興北路514巷口東側,10,1,中山區,2023-05-27 14:10:09,復興北路514巷66號前側,8,1
611,YouBike2.0_台泥大樓,18,0,中山區,2023-05-27 14:01:04,中山北路二段113-133號前,16,1
614,YouBike2.0_南京伊通街口,11,3,中山區,2023-05-27 14:22:15,南京東路二段178-1號,8,1
620,YouBike2.0_中429公園,15,1,中山區,2023-05-27 13:53:04,敬業三路177巷南側,14,1
621,YouBike2.0_長春路137巷口,16,3,中山區,2023-05-27 14:19:14,民生東路二段134號前,13,1
622,YouBike2.0_松江民生路口,17,1,中山區,2023-05-27 14:21:15,松江路208號前,15,1
624,YouBike2.0_長春吉林路口,10,3,中山區,2023-05-27 14:15:15,長春路120號前,7,1
625,YouBike2.0_長春一江街口,11,0,中山區,2023-05-27 13:59:05,長春路135號前,11,1
627,YouBike2.0_南京一江街口,10,1,中山區,2023-05-27 13:59:15,南京東路二段85號前,9,1
628,YouBike2.0_松江長春路口,16,0,中山區,2023-05-27 14:17:24,松江路158號前,16,1
631,YouBike2.0_新生農安街口,15,0,中山區,2023-05-27 14:21:15,新生北路三段與農安街口(高架橋下),15,1
632,YouBike2.0_稻江高級護理家事職業學校,14,3,中山區,2023-05-27 14:10:20,農安街77巷與農安街77巷1弄口,10,1
635,YouBike2.0_民權吉林路口(南側),16,2,中山區,2023-05-27 14:17:34,民權東路二段46號前,14,1
637,YouBike2.0_民權新生路口,26,2,中山區,2023-05-27 14:07:14,民權東路一段/新生北路三段(北側)(新生高架橋下),24,1
638,YouBike2.0_建國長春路口(北側),20,3,中山區,2023-05-27 14:11:14,建國北路/長春路口(北側),15,1
639,YouBike2.0_中山行政中心,24,2,中山區,2023-05-27 14:21:15,松江路/農安街口,20,1
642,YouBike2.0_濱江國小游泳池,16,1,中山區,2023-05-27 13:54:15,樂群二路266巷99號前,15,1
644,YouBike2.0_中428公園,15,2,中山區,2023-05-27 14:16:16,樂群二路30巷/樂群二路116巷61弄,13,1
645,YouBike2.0_復華公園,20,0,中山區,2023-05-27 13:57:04,南京東路三段109巷/龍江路120巷,20,1
646,YouBike2.0_新生民族路口(西南側),15,1,中山區,2023-05-27 14:15:15,新生北路三段/民族東路(西南側),14,1
648,YouBike2.0_八德市場(北側),16,3,中山區,2023-05-27 14:13:15,建國南路一段/市民大道交叉口(北側),12,1
649,YouBike2.0_龍江朱崙街口,14,4,中山區,2023-05-27 14:12:15,龍江路/朱崙街口西北側,10,1
652,YouBike2.0_民權建國路口(南側),15,1,中山區,2023-05-27 14:21:04,民權東路三段/建國北路二段(南側高架橋下),13,1
653,YouBike2.0_林森德惠街口,16,2,中山區,2023-05-27 14:16:16,德惠街11號東側,13,1
654,YouBike2.0_新生濱江街口(東南側),21,2,中山區,2023-05-27 13:43:14,新生北路三段/濱江街口(東南側),19,1
655,YouBike2.0_新生北路一段62巷口,20,0,中山區,2023-05-27 14:17:24,新生北路一段64號對側,20,1
656,YouBike2.0_新生長春路口(東北側),19,1,中山區,2023-05-27 14:22:15,新生北路二段39-2號對側,17,1
658,YouBike2.0_敬業三樂群三路口(西北側),16,4,中山區,2023-05-27 14:16:16,敬業三路/樂群三路口,12,1
659,YouBike2.0_長春路258巷2弄口,15,3,中山區,2023-05-27 14:18:13,長春路258巷6號北側,12,1
661,YouBike2.0_建國五常街口,20,0,中山區,2023-05-27 14:06:04,建國北路三段/五常街,20,1
662,YouBike2.0_中山北路二段62巷口,12,4,中山區,2023-05-27 14:21:15,中山北路二段66號前,8,1
663,YouBike2.0_市民安東街口,20,1,中山區,2023-05-27 13:17:32,市民大道三段179號前,19,1
664,YouBike2.0_市民大道二段5巷口,15,3,中山區,2023-05-27 13:59:15,市民大道二段/市民大道二段5巷,12,1
666,YouBike2.0_北勢湖環保公園,15,4,內湖區,2023-05-27 13:31:15,內湖路一段66-72號前方公園,11,1
669,YouBike2.0_文湖國小,31,4,內湖區,2023-05-27 14:22:15,文湖街21巷口北側,27,1
670,YouBike2.0_文湖街81巷10號西側,14,2,內湖區,2023-05-27 14:17:34,文湖街81巷10號西側,10,1
671,YouBike2.0_德明財經科技大學,27,2,內湖區,2023-05-27 14:19:15,環山路一段56號南側,25,1
674,YouBike2.0_港華五號公園,16,0,內湖區,2023-05-27 12:40:10,環山路二段81號西北側,16,1
675,YouBike2.0_大湖國小,25,0,內湖區,2023-05-27 14:21:15,大湖山莊街/大湖山莊街176巷(東南側),23,1
676,YouBike2.0_安湖三號公園,12,4,內湖區,2023-05-27 14:15:15,東湖路113巷49弄3號北側,8,1
677,YouBike2.0_東湖路113巷95弄,10,0,內湖區,2023-05-27 10:23:04,東湖路113巷95弄13號西側,9,1
679,YouBike2.0_文德三號公園(江南街71巷16弄),15,2,內湖區,2023-05-27 14:11:04,瑞光路271號東南側,13,1
681,YouBike2.0_康寧星雲街口,12,3,內湖區,2023-05-27 14:08:15,康寧路一段116號,9,1
682,YouBike2.0_星雲街47號,15,1,內湖區,2023-05-27 14:10:20,星雲街47號南側,14,1
684,YouBike2.0_捷運西湖站(2號出口),12,1,內湖區,2023-05-27 14:21:15,內湖路一段291號(對面),11,1
692,YouBike2.0_陽光公園,16,4,內湖區,2023-05-27 14:22:15,陽光街與文德路220巷口西側,12,1
693,YouBike2.0_文德二號公園(南側),13,1,內湖區,2023-05-27 13:56:04,陽光街與陽光街68巷102弄口,12,1
695,YouBike2.0_瑞陽公園,12,1,內湖區,2023-05-27 14:04:19,文德路22巷6號(對面),11,1
699,YouBike2.0_潭美國小(南京舊宗路口),16,1,內湖區,2023-05-27 13:58:04,行善路179號南側,15,1
700,YouBike2.0_新明路343號,10,1,內湖區,2023-05-27 14:01:16,新明路341號北側,9,1
701,YouBike2.0_週美里活動廣場,17,4,內湖區,2023-05-27 14:04:19,潭美街139號對側,13,1
704,YouBike2.0_安康路32巷24弄,21,1,內湖區,2023-05-27 13:59:15,安康路32巷24弄22號,20,1
705,YouBike2.0_明美公園,18,4,內湖區,2023-05-27 14:10:20,石潭路27號南側,14,1
709,YouBike2.0_瑞光公共住宅(瑞光路),18,0,內湖區,2023-05-27 12:23:04,瑞光路160號,18,1
710,YouBike2.0_民權東路六段15巷,17,1,內湖區,2023-05-27 01:11:15,民權東路六段15巷29號,16,1
711,YouBike2.0_扶輪親恩公園,17,0,內湖區,2023-05-27 13:54:04,民權東路六段30號,16,1
715,YouBike2.0_三軍總醫院,14,4,內湖區,2023-05-27 14:09:14,成功路二段424號(對面),10,1
716,YouBike2.0_福華商場,20,0,內湖區,2023-05-27 13:56:04,民權東路六段/民權東路六段180巷(西南側),20,1
717,YouBike2.0_臺北市網球中心,16,4,內湖區,2023-05-27 14:19:15,民權東路六段208號(前),12,1
720,YouBike2.0_金湖路347巷125弄口,15,0,內湖區,2023-05-27 13:41:04,金湖路347巷125弄1號(對面),15,1
723,YouBike2.0_貿七社區,17,1,內湖區,2023-05-27 13:56:16,內湖路二段179巷48弄17號(旁),16,1
726,YouBike2.0_康寧金湖路口,14,0,內湖區,2023-05-27 12:48:04,康寧路一段273號(對面),14,1
727,YouBike2.0_康寧路一段156巷20弄口,17,0,內湖區,2023-05-27 14:17:24,康寧路一段156巷/康寧路一段156巷20弄(西側),17,1
730,YouBike2.0_內溝溪生態展示館,8,3,內湖區,2023-05-27 13:54:15,康樂街236-3號(前),5,1
731,YouBike2.0_捷運港墘站(2號出口),47,0,內湖區,2023-05-27 14:15:04,內湖路一段520號,45,1
735,YouBike2.0_康寧公園(北側),20,4,內湖區,2023-05-27 14:11:15,康寧路三段60號南側,16,1
739,YouBike2.0_下灣公園,16,2,內湖區,2023-05-27 14:22:15,民權東路六段206巷/民權東路六段190巷75弄(西北側),14,1
745,YouBike2.0_金龍公園,15,2,內湖區,2023-05-27 14:01:16,金龍路112巷口(金龍公園側),13,1
746,YouBike2.0_星雲街138巷1弄口,15,4,內湖區,2023-05-27 14:17:34,星雲街138巷18號,10,1
747,YouBike2.0_東湖一號公園,10,0,內湖區,2023-05-27 12:50:08,康寧路三段189巷163弄13號東南側,10,1
748,YouBike2.0_東湖二號公園,15,0,內湖區,2023-05-27 13:55:11,康寧路三段99巷39弄70號東南側,14,1
749,YouBike2.0_康湖二號公園(康寧醫院),16,3,內湖區,2023-05-27 14:05:16,成功路五段420巷17號東側,11,1
750,YouBike2.0_堤頂大道新湖一路口,13,0,內湖區,2023-05-27 12:07:04,堤頂大道一段215號前,12,1
752,YouBike2.0_舊宗行善路口,9,1,內湖區,2023-05-27 14:21:15,行善路179號西側,8,1
755,YouBike2.0_金湖星雲街口,30,0,內湖區,2023-05-27 13:17:22,金湖路83號對側,30,1
756,YouBike2.0_國防醫學院,15,1,內湖區,2023-05-27 14:09:14,民權東路六段161號前側,14,1
757,YouBike2.0_民權東路六段190巷117弄口,15,3,內湖區,2023-05-27 13:47:14,民權東路六段190巷117弄15號對側,12,1
759,YouBike2.0_九華公園,16,1,內湖區,2023-05-27 14:22:15,文湖街21巷68弄25-6號北側,15,1
760,YouBike2.0_內湖路二段179巷口,16,4,內湖區,2023-05-27 14:10:20,內湖路二段179巷242號對側,11,1
761,YouBike2.0_行善行愛路口,12,0,內湖區,2023-05-27 11:35:05,行善路243號(前),12,1
764,YouBike2.0_陽光街161巷口,16,4,內湖區,2023-05-27 13:41:16,陽光街161巷14號對側,11,1
765,YouBike2.0_潭美公園(南京東路六段368巷),18,3,內湖區,2023-05-27 13:24:14,南京東路六段366號對側,14,1
767,YouBike2.0_三民國中(民權東路六段47巷),13,4,內湖區,2023-05-27 14:16:16,民權東路六段47巷6號對側,9,1
768,YouBike2.0_瑞光路76巷口,12,1,內湖區,2023-05-27 08:01:04,瑞光路102號前,11,1
770,YouBike2.0_新湖國小,12,3,內湖區,2023-05-27 14:22:15,民權東路六段/成功路二段320巷31弄(東南側),9,1
771,YouBike2.0_碧山內湖路口,16,1,內湖區,2023-05-27 14:21:04,內湖路三段72巷15號西側,15,1
772,YouBike2.0_民權東路六段413巷,16,2,內湖區,2023-05-27 14:18:13,民權東路六段409號前,14,1
773,YouBike2.0_宏匯瑞光廣場(瑞光路),16,3,內湖區,2023-05-27 14:21:15,瑞光路353號前(瑞光路側人行道),13,1
776,YouBike2.0_內湖路一段360巷,15,0,內湖區,2023-05-27 14:05:05,內湖路一段358號,15,1
777,YouBike2.0_成功路三段83號前,11,0,內湖區,2023-05-27 13:59:05,成功路三段83號前,11,1
778,YouBike2.0_內湖路一段47巷,16,1,內湖區,2023-05-27 14:15:04,內湖路一段47巷/內湖路一段47巷22弄,15,1
779,YouBike2.0_陽光舊宗路口,20,4,內湖區,2023-05-27 13:53:15,陽光街/舊宗路二段,16,1
780,YouBike2.0_安湖公園,8,0,內湖區,2023-05-27 09:32:04,東湖路113巷95弄/康寧路三段75巷,8,1
782,YouBike2.0_安泰街(康樂橋下),15,3,內湖區,2023-05-27 12:10:19,安泰街(康樂橋下),12,1
783,YouBike2.0_康樂綠地,15,3,內湖區,2023-05-27 14:08:15,康樂街191巷/康樂街,12,1
784,YouBike2.0_捷運港墘站(1號出口),23,2,內湖區,2023-05-27 14:13:15,內湖路一段663號前,21,1
785,YouBike2.0_明美公園(行善路333巷),16,0,內湖區,2023-05-27 13:53:04,行善路333巷92號前,16,1
786,YouBike2.0_行善路383巷,17,1,內湖區,2023-05-27 14:13:15,行善路383巷27號對側,15,1
789,YouBike2.0_內湖路三段326巷口,15,2,內湖區,2023-05-27 13:52:04,內湖路三段326巷/內湖路三段,13,1
790,YouBike2.0_成功公園,11,3,內湖區,2023-05-27 13:26:19,成功路四段223巷/成功路四段223巷6弄,8,1
791,YouBike2.0_康寧路三段189巷93弄口,14,0,內湖區,2023-05-27 13:48:04,康寧路三段189巷/康寧路三段189巷93弄,13,1
792,YouBike2.0_中國醫藥大學附設醫院臺北分院,13,2,內湖區,2023-05-27 14:13:15,內湖路二段368號對側,9,1
793,YouBike2.0_康樂抽水站,15,4,內湖區,2023-05-27 13:49:15,東湖路160巷23號,11,1
794,YouBike2.0_環山路三段16巷口,13,4,內湖區,2023-05-27 13:30:39,環山路三段/環山路三段16巷口(東南側),9,1
797,YouBike2.0_行善社會住宅,23,3,內湖區,2023-05-27 13:03:15,行愛路與新湖一路口西南側,20,1
798,YouBike2.0_康寧路三段99巷17弄口,15,1,內湖區,2023-05-27 14:08:04,康寧路三段99巷19號對側,14,1
799,YouBike2.0_堤頂大道二段407巷口,15,1,內湖區,2023-05-27 13:37:04,堤頂大道二段405號前,14,1
800,YouBike2.0_海德堡科技大樓,12,2,內湖區,2023-05-27 10:03:15,堤頂大道二段473號前,9,1
801,YouBike2.0_致伸科技大樓,17,1,內湖區,2023-05-27 12:38:14,瑞光路669號旁,16,1
802,YouBike2.0_內湖路一段288巷口,20,1,內湖區,2023-05-27 11:22:15,內湖路一段290號前,19,1
803,YouBike2.0_大都會客運內湖站,15,0,內湖區,2023-05-27 10:25:05,民權東路六段11巷25號對側,15,1
804,YouBike2.0_瑞湖公園,15,1,內湖區,2023-05-27 10:44:04,民權東路六段15巷/民權東路六段19巷,14,1
805,YouBike2.0_台灣世曦大樓,16,0,內湖區,2023-05-27 14:22:15,陽光街323號,15,1
807,YouBike2.0_瑞光路358巷口,14,3,內湖區,2023-05-27 10:48:14,瑞光路/瑞光路358巷,11,1
810,YouBike2.0_民權東路六段56巷口,15,4,內湖區,2023-05-27 13:18:14,民權東路六段56巷7號對側,10,1
811,YouBike2.0_新湖三行忠路72巷口,15,1,內湖區,2023-05-27 07:39:04,新湖三路/行忠路72巷,13,1
812,YouBike2.0_新湖三新湖二146巷口,15,0,內湖區,2023-05-27 13:25:05,新湖三路122、124號對側,15,1
815,YouBike2.0_內湖路一段120巷15弄,19,3,內湖區,2023-05-27 06:54:14,內湖路一段120巷15弄8號對側,16,1
816,YouBike2.0_北勢湖環保公園(堤頂大道側),14,1,內湖區,2023-05-27 12:09:04,堤頂大道二段501號前,13,1
817,YouBike2.0_達爾文大樓,15,4,內湖區,2023-05-27 14:15:15,洲子街61號,11,1
829,YouBike2.0_捷運關渡站(2號出口),14,0,北投區,2023-05-27 14:21:15,捷運關渡站2號出口外人行道,14,1
830,YouBike2.0_中央北路四段540巷口,19,3,北投區,2023-05-27 14:21:15,中央北路四段529號(對面),16,1
834,YouBike2.0_豐年公園,20,0,北投區,2023-05-27 14:08:04,大業路529號(對面),20,1
835,YouBike2.0_稻香重三路口,15,4,北投區,2023-05-27 13:57:15,稻香重三路口(對面路側),8,1
836,YouBike2.0_國防大學政治作戰學院,30,0,北投區,2023-05-27 14:19:04,中央北路二段167號(對面),28,1
849,YouBike2.0_陽明大學,30,4,北投區,2023-05-27 14:21:15,東華街二段136號(對面),25,1
859,YouBike2.0_榮富公園,13,0,北投區,2023-05-27 14:03:05,榮華三路2號(旁),13,1
865,YouBike2.0_復興公園,14,0,北投區,2023-05-27 13:55:11,中和街61號對側,14,1
867,YouBike2.0_承德路七段188巷口,16,3,北投區,2023-05-27 14:03:15,承德路七段192-198號前,11,1
873,YouBike2.0_文化三杏林一路口,17,2,北投區,2023-05-27 13:59:15,杏林一路3號(旁),15,1
874,YouBike2.0_珠海復興一路口,15,0,北投區,2023-05-27 13:17:22,珠海路/復興一路口(東側),15,1
875,YouBike2.0_裕民二路33巷,15,1,北投區,2023-05-27 14:14:14,裕民二路33巷/裕民六路(西北側),14,1
876,YouBike2.0_新奇岩社會住宅,12,0,北投區,2023-05-27 14:15:04,磺港路269-271號(旁),12,1
881,YouBike2.0_福星公園,18,3,北投區,2023-05-27 11:03:15,文林北路280號(對側公園),14,1
883,YouBike2.0_豐年公園_1,18,3,北投區,2023-05-27 13:53:15,大業路539號,15,1
888,YouBike2.0_中和街493巷9弄口,16,1,北投區,2023-05-27 13:52:04,中和街493巷9弄2號對側,15,1
893,YouBike2.0_捷運忠義站(2號出口),20,1,北投區,2023-05-27 13:34:14,捷運忠義站(2號出口)無障礙坡道旁,19,1
901,YouBike2.0_鵬程公園,24,1,松山區,2023-05-27 14:21:15,健康路399號北側,23,1
905,YouBike2.0_光復北路11巷口,23,1,松山區,2023-05-27 14:16:16,光復北路13號(旁),22,1
907,YouBike2.0_西松高中,14,0,松山區,2023-05-27 13:52:04,健康路325巷5弄5號(前),13,1
908,YouBike2.0_民權復興路口,27,2,松山區,2023-05-27 14:08:15,民權東路三段119號(前),25,1
909,YouBike2.0_民福三號綠地,15,1,松山區,2023-05-27 14:13:04,民族東路712號(對面),14,1
915,YouBike2.0_捷運小巨蛋站(2號出口),26,4,松山區,2023-05-27 14:22:15,南京東路四段6號(前),22,1
917,YouBike2.0_民生國小(敦化北路199巷),20,4,松山區,2023-05-27 14:13:15,敦化北路199巷15號(旁),15,1
919,YouBike2.0_民權運動公園,21,3,松山區,2023-05-27 14:06:16,民權東路四段/新中街口(西南側),18,1
920,YouBike2.0_新東公園,36,3,松山區,2023-05-27 14:21:15,民生東路五段/塔悠路口(西南側),33,1
923,YouBike2.0_八德路三段74巷口,17,2,松山區,2023-05-27 14:17:24,八德路三段74巷95號南側,15,1
924,YouBike2.0_八德路三段8巷口,15,4,松山區,2023-05-27 14:21:15,市民大道四段123號,11,1
925,YouBike2.0_三軍總醫院(松山分院),44,0,松山區,2023-05-27 14:17:24,光復北路/光復北路190巷口(東南側),43,1
926,YouBike2.0_平安新城,16,1,松山區,2023-05-27 13:50:20,延壽街356巷/延壽街330巷16弄(東北側),15,1
927,YouBike2.0_健康社會住宅,20,4,松山區,2023-05-27 14:17:34,健康路305號(前),14,1
929,YouBike2.0_市民東興路口,25,1,松山區,2023-05-27 14:18:13,東興路33號南側,23,1
930,YouBike2.0_光復南路22巷口,29,0,松山區,2023-05-27 14:17:24,光復南路19號西側,28,1
931,YouBike2.0_光復南路58巷,12,0,松山區,2023-05-27 14:17:24,光復南路58巷11號東側,9,1
932,YouBike2.0_松山新城,14,0,松山區,2023-05-27 13:30:28,健康路78號(對面),14,1
933,YouBike2.0_內政部營建署,33,2,松山區,2023-05-27 14:17:34,八德路二段342號(前),31,1
935,YouBike2.0_民生立體停車場,20,0,松山區,2023-05-27 14:17:24,民生東路五段84號前,19,1
936,YouBike2.0_健康新城,35,4,松山區,2023-05-27 14:18:13,健康路179號前,28,1
938,YouBike2.0_復盛公園,20,2,松山區,2023-05-27 14:22:15,八德路四段106巷/八德路四段106巷6弄口(東側),17,1
939,YouBike2.0_中崙福成宮,27,2,松山區,2023-05-27 14:21:15,市民大道四段73號前,24,1
943,YouBike2.0_臺北田徑場,42,4,松山區,2023-05-27 14:22:15,敦化北路/八德路三段(東北側),37,1
944,YouBike2.0_捷運小巨蛋站(5號出口),22,3,松山區,2023-05-27 14:21:15,南京東路四段75-1號前,19,1
947,YouBike2.0_捷運松山站(2號出口),14,4,松山區,2023-05-27 14:19:15,八德路四段685號前,10,1
948,YouBike2.0_民權東路三段106巷口,22,3,松山區,2023-05-27 13:50:20,民權東路三段102號前,17,1
949,YouBike2.0_南京東路五段59巷口,11,2,松山區,2023-05-27 14:19:15,南京東路五段57號(前),9,1
950,YouBike2.0_三民公園(塔悠路),20,0,松山區,2023-05-27 13:55:12,塔悠路/撫遠街261巷(西側),20,1
952,YouBike2.0_西松公園,11,1,松山區,2023-05-27 14:17:34,健康路/南京東路五段251巷50弄(西側),9,1
953,YouBike2.0_長壽公園,15,1,松山區,2023-05-27 14:21:15,健康路174號(旁),14,1
954,YouBike2.0_復源公園,14,3,松山區,2023-05-27 14:08:15,八德路三段106巷62號(對面),9,1
956,YouBike2.0_臺北田徑場(北寧路側),24,2,松山區,2023-05-27 14:21:15,八德路三段25號前,22,1
957,YouBike2.0_西松高中(健康路325巷),31,2,松山區,2023-05-27 14:06:16,健康路325巷 / 健康路325巷12弄口(東北側),29,1
960,YouBike2.0_介壽國中,12,0,松山區,2023-05-27 14:16:04,民生東路五段36巷/光復北路165巷,11,1
963,YouBike2.0_新東街51巷口,23,3,松山區,2023-05-27 14:22:15,三民路 / 新東街51巷口(東側),20,1
964,YouBike2.0_八德立體停車場,16,1,松山區,2023-05-27 14:15:04,八德路/松信路(西南側),15,1
965,YouBike2.0_長春慶城街口,16,3,松山區,2023-05-27 14:17:34,長春路431號前,13,1
966,YouBike2.0_八德路四段652巷口,20,1,松山區,2023-05-27 13:50:20,八德路四段650號南側,19,1
967,YouBike2.0_捷運松山站(1號出口),15,2,松山區,2023-05-27 14:17:34,八德路四段711號前,11,1
968,YouBike2.0_捷運小巨蛋站(3號出口),15,1,松山區,2023-05-27 14:15:04,南京東路四段12號前,14,1
970,YouBike2.0_敦化北路155巷口,30,3,松山區,2023-05-27 14:12:15,敦化北路151號前分隔島,27,1
972,YouBike2.0_市民延吉街口,30,1,松山區,2023-05-27 14:19:04,市民大道/延吉街(市民大道橋下空地),27,1
975,YouBike2.0_塔悠基隆路口(麥帥一橋下),20,3,松山區,2023-05-27 14:22:15,南京東路五段386號前,17,1
976,YouBike2.0_五常街370巷,11,3,松山區,2023-05-27 14:02:14,五常街370巷8號,8,1
980,YouBike2.0_忠孝東路六段225巷口,35,1,南港區,2023-05-27 14:21:15,忠孝東路六段219號,34,1
982,YouBike2.0_合樂公園,15,1,南港區,2023-05-27 14:11:15,玉成街46號東側,14,1
983,YouBike2.0_合心廣場,38,2,南港區,2023-05-27 14:19:15,忠孝東路六段17號東北側,36,1
984,YouBike2.0_成德國中,26,3,南港區,2023-05-27 14:22:15,東新街118巷15號南側,22,1
988,YouBike2.0_國家生技園區,30,3,南港區,2023-05-27 14:21:15,研究院路一段130巷99號(國家生技園區),26,1
990,YouBike2.0_中研公園,40,1,南港區,2023-05-27 14:21:15,研究院路二段12巷58弄9號西側,39,1
993,YouBike2.0_凌雲市場,20,0,南港區,2023-05-27 13:56:04,研究院路三段68巷9號北側,20,1
995,YouBike2.0_捷運南港軟體園區(2號出口),34,4,南港區,2023-05-27 13:50:20,經貿二路183號(2號出口),30,1
996,YouBike2.0_南港國小,30,1,南港區,2023-05-27 14:19:15,惠民街67號東南側,29,1
997,YouBike2.0_興中立體停車場(興中路),26,1,南港區,2023-05-27 14:17:34,興中路44巷1號東側,25,1
1000,YouBike2.0_向陽南港路口,21,2,南港區,2023-05-27 14:01:16,向陽路49號北側,18,1
1004,YouBike2.0_東新國小,22,1,南港區,2023-05-27 14:19:04,東明街68號北側,20,1
1005,YouBike2.0_中華科技大學,20,4,南港區,2023-05-27 14:15:15,研究院路三段246號東側,16,1
1006,YouBike2.0_六福公園,19,2,南港區,2023-05-27 14:08:15,研究院路二段35巷23弄25號北側,17,1
1007,YouBike2.0_南港加壓站,24,4,南港區,2023-05-27 14:22:15,研究院路二段3巷1號西側,20,1
1012,YouBike2.0_忠孝東路七段527巷口,15,4,南港區,2023-05-27 13:55:23,忠孝東路七段552號,11,1
1015,YouBike2.0_凌雲五村(研究院路三段8巷),26,2,南港區,2023-05-27 13:23:15,研究院路三段10巷1號東側,24,1
1016,YouBike2.0_新新公園(昆陽街60巷),20,2,南港區,2023-05-27 14:14:14,南港路三段47巷8號南側,18,1
1017,YouBike2.0_南港高中(昆陽街),14,3,南港區,2023-05-27 13:43:14,昆陽街58號東側,10,1
1018,YouBike2.0_南港路三段290巷口,20,2,南港區,2023-05-27 13:29:14,南港路三段314巷20號,18,1
1019,YouBike2.0_南港路三段220巷口,25,2,南港區,2023-05-27 14:06:16,南港路三段133號,22,1
1022,YouBike2.0_捷運後山埤站(3號出口),12,0,南港區,2023-05-15 07:23:15,玉成街150號,12,0
1023,YouBike2.0_玉成公園運動中心,15,2,南港區,2023-05-27 14:21:15,中坡南路19號,13,1
1024,YouBike2.0_百福公園,18,3,南港區,2023-05-27 14:17:34,福德街309巷7號南側,14,1
1026,YouBike2.0_園區重陽路口,13,1,南港區,2023-05-27 14:16:04,重陽路458號西側,12,1
1028,YouBike2.0_胡適公園,20,2,南港區,2023-05-27 12:44:14,研究院路二段/研究院路二段132巷北側,18,1
1030,YouBike2.0_經貿公園,20,1,南港區,2023-05-27 13:06:16,經園街58號北側,19,1
1031,YouBike2.0_育成高中,20,1,南港區,2023-05-27 14:08:04,惠民街71號西側,19,1
1033,YouBike2.0_力行橋(南港),18,1,南港區,2023-05-27 14:13:15,研究院路一段101巷16弄2號南側,17,1
1034,YouBike2.0_舊莊國小(舊莊街一段),15,0,南港區,2023-05-27 14:14:04,舊莊街一段/舊莊街一段145巷口,15,1
1042,YouBike2.0_昆陽公園,14,0,南港區,2023-05-27 13:34:04,昆陽街173號對側,14,1
1046,YouBike2.0_玉成公園(成福路178巷口),18,1,南港區,2023-05-27 14:22:15,成福路178巷8號對側,15,1
1049,YouBike2.0_成福路197巷口,15,0,南港區,2023-05-27 14:04:06,成福路197巷/成福路,15,1
1052,YouBike2.0_南港展覽館2館,18,0,南港區,2023-05-27 14:17:24,經貿二路/南港路一段(西北側),18,1
1053,YouBike2.0_舊莊派出所,15,3,南港區,2023-05-27 13:46:16,舊莊街一段/舊莊街一段215巷,12,1
1054,YouBike2.0_南港路三段80巷,15,3,南港區,2023-05-27 14:21:15,南港路三段/南港路三段80巷,12,1
1056,YouBike2.0_忠孝東路六段278巷口,14,0,南港區,2023-05-27 13:51:04,忠孝東路/忠孝東路六段278巷,14,1
1058,YouBike2.0_南港路三段130巷口,12,4,南港區,2023-05-27 10:51:16,松河街380號對側,8,1
1060,YouBike2.0_忠孝東路六段212巷口,15,2,南港區,2023-05-27 14:16:16,忠孝東路六段226號前,12,1
1061,YouBike2.0_新富公園,13,3,南港區,2023-05-27 14:17:34,富康街47巷2號對側,10,1
1065,YouBike2.0_基隆路二段159巷口,14,2,信義區,2023-05-27 14:19:04,基隆路二段155號,9,1
1066,YouBike2.0_嘉興街175巷口,16,2,信義區,2023-05-27 14:16:16,基隆路二段131-4號(前),13,1
1067,YouBike2.0_和平東路三段631巷口,15,0,信義區,2023-05-27 13:40:10,和平東路三段633號前,15,1
1068,YouBike2.0_和平東路三段530巷口,15,4,信義區,2023-05-27 14:18:14,和平東路三段530巷口東北側,11,1
1071,YouBike2.0_三興公園,31,2,信義區,2023-05-27 14:16:16,吳興街118巷35弄28號前方(三興公園),29,1
1072,YouBike2.0_松德站,48,3,信義區,2023-05-27 14:21:15,松德路300號南側,45,1
1075,YouBike2.0_松仁路253巷3弄,26,1,信義區,2023-05-27 14:22:15,松仁路215巷6號,24,1
1080,YouBike2.0_台北市災害應變中心,45,2,信義區,2023-05-27 14:22:15,莊敬路391巷11弄2號(東北側),42,1
1084,YouBike2.0_光復信義路口東南側,16,0,信義區,2023-05-27 14:17:24,光復南路485號前方,15,1
1085,YouBike2.0_三張犁,40,1,信義區,2023-05-27 14:21:15,光復南路455號前方,35,1
1086,YouBike2.0_仁愛路四段496巷口,34,2,信義區,2023-05-27 14:21:15,仁愛路四段與仁愛路四段496巷口西南側,31,1
1088,YouBike2.0_松友公園,27,0,信義區,2023-05-27 14:21:15,信義路六段76巷2弄22號(對面),26,1
1090,YouBike2.0_松山家商,25,1,信義區,2023-05-27 14:08:04,松山路655號(前),24,1
1095,YouBike2.0_市府松高路口,54,4,信義區,2023-05-27 14:15:15,市府路/松高路(東南側),49,1
1096,YouBike2.0_市民廣場,30,4,信義區,2023-05-27 14:18:14,市府路/松壽路(西北側),26,1
1099,YouBike2.0_春光公園,30,0,信義區,2023-05-27 14:05:05,林口街230號(斜對面),29,1
1101,YouBike2.0_福德國小,35,1,信義區,2023-05-27 14:21:15,福德街251巷2號對側,32,1
1102,YouBike2.0_福德公園,35,1,信義區,2023-05-27 14:21:15,大道路與大道路145巷口,32,1
1108,YouBike2.0_興雅國小(基隆路一段37巷),15,0,信義區,2023-05-27 14:09:04,基隆路一段83巷9號西側,13,1
1111,YouBike2.0_五常公園,19,3,信義區,2023-05-27 14:16:16,松隆路161號對側,14,1
1113,YouBike2.0_三興國小,22,0,信義區,2023-05-27 14:22:15,基隆路二段99-1號(前),22,1
1114,YouBike2.0_市民松信路口,20,0,信義區,2023-05-27 13:39:04,市民大道六段/松信路口(西側),18,1
1116,YouBike2.0_基隆光復路口,17,0,信義區,2023-05-27 14:08:04,基隆路二段/光復南路(東北側),17,1
1118,YouBike2.0_泰和里民活動中心,18,3,信義區,2023-05-27 14:22:15,松仁路308巷60號,14,1
1120,YouBike2.0_虎林永吉路口,15,1,信義區,2023-05-27 14:17:34,永吉路356號東側,13,1
1121,YouBike2.0_永吉公園,18,2,信義區,2023-05-27 14:19:15,永吉路326巷66號西側,13,1
1122,YouBike2.0_永吉路321巷口,15,4,信義區,2023-05-27 14:21:15,永吉路323號西側,10,1
1123,YouBike2.0_松山永吉路口,20,3,信義區,2023-05-27 14:19:15,松山路166號,17,1
1128,YouBike2.0_松德虎林街口,25,0,信義區,2023-05-27 14:21:04,松德路79號前,23,1
1130,YouBike2.0_基隆路一段101巷口,23,2,信義區,2023-05-27 14:13:15,基隆路一段109-6號前,20,1
1132,YouBike2.0_吳興街260巷,32,0,信義區,2023-05-27 14:21:15,吳興街260巷/吳興街260巷21弄口(東南側),32,1
1135,YouBike2.0_安強公園,20,1,信義區,2023-05-27 14:22:15,虎林街222巷55號,18,1
1136,YouBike2.0_信義基隆路口,20,4,信義區,2023-05-27 14:19:15,信義路四段393號前,15,1
1138,YouBike2.0_吳興街284巷36弄口,25,2,信義區,2023-05-27 14:10:20,吳興街284巷36弄24號西側,21,1
1140,YouBike2.0_福德國小公車站,10,0,信義區,2023-05-27 14:14:04,福德街308號對側,10,1
1144,YouBike2.0_景平公園,13,1,信義區,2023-05-27 14:22:15,松平路50巷15號對側,12,1
1146,YouBike2.0_五分埔公園,18,3,信義區,2023-05-27 14:21:15,中坡北路57號旁,15,1
1147,YouBike2.0_松仁路305號,14,0,信義區,2023-05-27 14:01:04,松仁路/吳興街583巷3弄,14,1
1148,YouBike2.0_吳興街394巷口,12,2,信義區,2023-05-27 14:14:14,吳興街394巷/吳興街,10,1
1150,YouBike2.0_松勤莊敬路口,15,2,信義區,2023-05-27 14:22:15,松勤街/莊敬路,13,1
1151,YouBike2.0_松仁松平路口,10,0,信義區,2023-05-27 14:11:04,松仁路/松平路,10,1
1152,YouBike2.0_信義松德路口,18,0,信義區,2023-05-27 14:03:05,信義路五段180號前,18,1
1154,YouBike2.0_吳興街284巷(廣安宮),15,0,信義區,2023-05-27 14:21:04,吳興街284巷23號對側,14,1
1155,YouBike2.0_景勤二號公園(西南側),22,4,信義區,2023-05-27 14:19:15,信安街67巷/信安街口東南側,17,1
1156,YouBike2.0_克勤新村,18,2,信義區,2023-05-27 14:21:15,信安街67巷75號對側,15,1
1157,YouBike2.0_和平東路三段291號,15,2,信義區,2023-05-27 14:09:14,和平東路三段291號前,13,1
1165,YouBike2.0_國興青年路口,30,3,萬華區,2023-05-27 14:17:34,國興路與青年路口西南側,27,1
1166,YouBike2.0_青年公園棒球場,28,1,萬華區,2023-05-27 14:21:04,青年路66號對側,26,1
1169,YouBike2.0_新和國小,20,2,萬華區,2023-05-27 14:21:15,萬大路277巷37弄1號東側,16,1
1171,YouBike2.0_莒光立體停車場,10,0,萬華區,2023-05-27 14:14:04,莒光路137號前,10,1
1174,YouBike2.0_華中疏散門,12,3,萬華區,2023-05-27 13:57:15,環河南路三段371號前,8,1
1176,YouBike2.0_忠德公園,19,2,萬華區,2023-05-27 14:22:15,東園街66巷20弄27號前,17,1
1179,YouBike2.0_雙園國中,24,0,萬華區,2023-05-27 14:13:04,西園路二段320巷與興義街口,22,1
1182,YouBike2.0_華江八號公園,20,1,萬華區,2023-05-27 14:17:24,環河南路二段216號旁,18,1
1185,YouBike2.0_糖廍文化園區,14,0,萬華區,2023-05-27 14:19:04,大理街177號對側,13,1
1186,YouBike2.0_兩棵樹公園,17,4,萬華區,2023-05-27 14:21:15,艋舺大道與大理街160巷20弄口東側,13,1
1191,YouBike2.0_貓公園(中興橋頭),15,0,萬華區,2023-05-27 14:22:15,成都路108號(對面),14,1
1193,YouBike2.0_中華桂林路口,28,2,萬華區,2023-05-27 14:21:15,中華路一段與桂林路口西北側,26,1
1201,YouBike2.0_臺北市電影主題公園(峨嵋街),15,0,萬華區,2023-05-27 14:22:15,峨嵋街100號(對面),15,1
1208,YouBike2.0_長順街60巷口,15,3,萬華區,2023-05-27 12:26:16,長順街60巷38號對側,12,1
1214,YouBike2.0_富民路145巷口,20,2,萬華區,2023-05-27 13:58:04,富民路151號對側,18,1
1216,YouBike2.0_龍山國中,15,3,萬華區,2023-05-27 13:50:20,南寧路與廣州街口南側,12,1
1217,YouBike2.0_洛陽停車場,22,0,萬華區,2023-05-27 14:17:24,昆明街與洛陽街口西側,20,1
1220,YouBike2.0_青年公園3號出口,38,1,萬華區,2023-05-27 14:18:14,青年路/青年路106巷(東側),33,1
1224,YouBike2.0_萬大路493巷,10,2,萬華區,2023-05-27 13:55:23,萬大路493巷44號旁,7,1
1225,YouBike2.0_雙園國中地下停車場,12,1,萬華區,2023-05-27 14:13:04,西園路二段320巷55弄8-10號前,10,1
1229,YouBike2.0_臺大水源修齊會館,18,1,臺大專區,2023-05-27 14:22:15,思源街16號之1旁,14,1
1230,YouBike2.0_臺大檔案展示館,10,2,臺大專區,2023-05-27 13:57:15,臺大檔案展示館東北側,7,1
1232,YouBike2.0_臺大男八舍東側,42,2,臺大專區,2023-05-27 14:22:15,臺大男八舍東側,40,1
1240,YouBike2.0_臺大立體機車停車場,27,4,臺大專區,2023-05-27 14:21:15,基隆路三段/基隆路三段156巷口北側,22,1
1245,YouBike2.0_臺大農化新館西側,10,0,臺大專區,2023-05-27 13:58:04,臺大生化科技學系西側,9,1
1246,YouBike2.0_臺大五號館西側,20,2,臺大專區,2023-05-27 14:01:43,臺大生物系館西側,17,1
1248,YouBike2.0_臺大共同教室北側,20,4,臺大專區,2023-05-27 14:21:15,臺大共同教學館東北側,14,1
1249,YouBike2.0_臺大共同教室東南側,12,0,臺大專區,2023-05-27 14:19:04,臺大共同教學館東南側,11,1
1251,YouBike2.0_臺大公館停車場西北側,12,1,臺大專區,2023-05-27 13:34:04,臺大公館停車場西北側,11,1
1252,YouBike2.0_臺大第二行政大樓南側,27,0,臺大專區,2023-05-27 14:05:05,臺大行政大樓西側,27,1
1253,YouBike2.0_臺大明達館機車停車場,28,1,臺大專區,2023-05-27 14:22:15,臺大明達館西側,27,1
1254,YouBike2.0_臺大二號館,10,1,臺大專區,2023-05-27 13:40:21,臺大物理文物廳北側,9,1
1259,YouBike2.0_臺大椰林小舖,48,2,臺大專區,2023-05-27 14:21:15,臺大椰林小舖旁,45,1
1267,YouBike2.0_臺大一號館,19,0,臺大專區,2023-05-27 14:16:04,臺大植物魚類標本館一號館北側,19,1
1268,YouBike2.0_臺大小小福西南側,10,0,臺大專區,2023-05-27 13:55:12,臺大進修教育大樓,10,1
1270,YouBike2.0_臺大四號館東北側,10,2,臺大專區,2023-05-27 14:21:15,臺大園藝暨景觀學系北側,8,1
1273,YouBike2.0_臺大電機二館東南側,14,0,臺大專區,2023-05-27 14:17:24,臺大電機二館南側,14,1
1277,YouBike2.0_臺大獸醫館南側,24,0,臺大專區,2023-05-27 14:21:15,臺大獸醫系館南側,24,1
1279,YouBike2.0_臺大明達館北側(員工宿舍),18,1,臺大公館校區,2023-05-27 13:55:23,明達館北側前空地,16,1
